latitude,longitude,elevation_m,month,hour,canopy_density,temperature_c,species_observed
47.9250,-123.6300,180,10,7,0.85,11.2,Banana Slug
47.9255,-123.6305,185,10,8,0.82,11.5,Banana Slug
47.9260,-123.6310,190,10,6,0.88,10.8,Banana Slug
47.9265,-123.6320,195,10,9,0.80,12.0,Banana Slug
47.9270,-123.6330,210,10,7,0.86,11.0,Banana Slug
47.9275,-123.6340,215,10,8,0.83,11.8,Banana Slug
47.9280,-123.6350,220,10,6,0.90,10.5,Banana Slug
47.9285,-123.6360,230,10,7,0.85,11.4,Banana Slug
47.9290,-123.6370,240,10,8,0.78,12.5,Banana Slug
47.9300,-123.6380,250,10,9,0.75,13.0,Banana Slug
47.9310,-123.6390,260,10,10,0.70,14.2,Steller's Jay
47.9320,-123.6400,280,10,10,0.68,14.5,Steller's Jay
47.9330,-123.6410,310,10,11,0.65,15.0,Steller's Jay
47.9340,-123.6420,330,10,11,0.62,15.4,Steller's Jay
47.9350,-123.6430,360,10,12,0.60,16.0,Steller's Jay
47.9360,-123.6440,390,10,9,0.72,13.8,Steller's Jay
47.9370,-123.6450,420,10,10,0.65,14.7,Steller's Jay
47.9380,-123.6460,450,10,11,0.58,15.8,Steller's Jay
47.9390,-123.6470,480,10,13,0.55,16.5,Steller's Jay
47.9400,-123.6480,510,10,14,0.52,17.0,Steller's Jay
47.9410,-123.6490,530,10,12,0.85,15.2,Douglas Squirrel
47.9420,-123.6500,550,10,13,0.88,15.5,Douglas Squirrel
47.9430,-123.6510,570,10,14,0.82,15.8,Douglas Squirrel
47.9440,-123.6520,590,10,11,0.86,14.9,Douglas Squirrel
47.9450,-123.6530,610,10,12,0.90,15.0,Douglas Squirrel
47.9460,-123.6540,630,10,15,0.78,16.2,Douglas Squirrel
47.9470,-123.6550,650,10,13,0.84,15.6,Douglas Squirrel
47.9480,-123.6560,670,10,14,0.87,15.7,Douglas Squirrel
47.9490,-123.6570,690,10,10,0.89,14.3,Douglas Squirrel
47.9500,-123.6580,720,10,11,0.83,14.8,Douglas Squirrel
47.9510,-123.6590,750,10,12,0.25,18.5,Red-tailed Hawk
47.9520,-123.6600,780,10,13,0.20,19.2,Red-tailed Hawk
47.9530,-123.6610,810,10,14,0.18,19.8,Red-tailed Hawk
47.9540,-123.6620,840,10,11,0.22,18.0,Red-tailed Hawk
47.9550,-123.6630,870,10,12,0.15,19.5,Red-tailed Hawk
47.9560,-123.6640,900,10,15,0.12,20.0,Red-tailed Hawk
47.9570,-123.6650,930,10,13,0.18,19.0,Red-tailed Hawk
47.9580,-123.6660,960,10,14,0.20,19.4,Red-tailed Hawk
47.9590,-123.6670,990,10,12,0.25,18.2,Red-tailed Hawk
47.9600,-123.6680,1020,10,13,0.15,19.9,Red-tailed Hawk
47.9220,-123.6280,160,10,8,0.92,10.5,Western Redcedar
47.9225,-123.6285,165,10,10,0.94,11.8,Western Redcedar
47.9230,-123.6290,170,10,12,0.91,13.2,Western Redcedar
47.9235,-123.6295,175,10,14,0.90,14.0,Western Redcedar
47.9240,-123.6300,178,10,16,0.93,12.5,Western Redcedar
47.9245,-123.6305,182,10,9,0.95,11.0,Western Redcedar
47.9250,-123.6310,185,10,11,0.92,12.2,Western Redcedar
47.9255,-123.6315,188,10,13,0.89,13.8,Western Redcedar
47.9260,-123.6320,192,10,15,0.91,13.0,Western Redcedar
47.9265,-123.6325,195,10,17,0.94,11.5,Western Redcedar
47.9620,-123.6700,1100,10,6,0.30,8.5,Black Bear
47.9630,-123.6710,1150,10,7,0.35,9.2,Black Bear
47.9640,-123.6720,1180,10,18,0.28,9.8,Black Bear
47.9650,-123.6730,1210,10,19,0.25,8.8,Black Bear
47.9660,-123.6740,1250,10,6,0.32,8.0,Black Bear
47.9670,-123.6750,1280,10,7,0.34,8.4,Black Bear
47.9680,-123.6760,1320,10,17,0.29,9.0,Black Bear
47.9690,-123.6770,1350,10,18,0.26,8.2,Black Bear
47.9700,-123.6780,1390,10,6,0.31,7.9,Black Bear
47.9710,-123.6790,1420,10,19,0.22,7.5,Black Bear
47.9270,-123.6335,215,10,9,0.78,12.0,Pacific Trillium
47.9275,-123.6345,225,10,10,0.76,12.8,Pacific Trillium
47.9280,-123.6355,235,10,11,0.74,13.5,Pacific Trillium
47.9285,-123.6365,245,10,12,0.72,14.0,Pacific Trillium
47.9290,-123.6375,255,10,13,0.70,14.5,Pacific Trillium
47.9295,-123.6385,265,10,14,0.75,14.2,Pacific Trillium
47.9305,-123.6395,275,10,10,0.77,13.0,Pacific Trillium
47.9315,-123.6405,285,10,11,0.73,13.6,Pacific Trillium
47.9325,-123.6415,295,10,12,0.71,14.1,Pacific Trillium
47.9335,-123.6425,305,10,13,0.70,14.6,Pacific Trillium
47.9450,-123.6535,615,10,19,0.92,10.2,Barred Owl
47.9455,-123.6545,625,10,20,0.94,9.5,Barred Owl
47.9460,-123.6555,635,10,21,0.95,8.8,Barred Owl
47.9465,-123.6565,645,10,5,0.91,7.9,Barred Owl
47.9470,-123.6575,655,10,6,0.93,8.2,Barred Owl
47.9475,-123.6585,665,10,19,0.90,9.9,Barred Owl
47.9480,-123.6595,675,10,20,0.92,9.1,Barred Owl
47.9485,-123.6605,685,10,21,0.94,8.5,Barred Owl
47.9490,-123.6615,695,10,5,0.89,8.0,Barred Owl
47.9495,-123.6625,705,10,6,0.91,8.3,Barred Owl
